{
  "Phonetic": {
    "1": {
      "precision": 0.932673,
      "recall": 0.861,
      "f1": 0.888403
    },
    "2": {
      "precision": 0.845076,
      "recall": 0.877,
      "f1": 0.831369
    },
    "3": {
      "precision": 0.840724,
      "recall": 0.88,
      "f1": 0.828903
    }
  },
  "NormPhonetic": {
    "0.1": {
      "precision": 0.986366,
      "recall": 0.836,
      "f1": 0.900241
    },
    "0.2": {
      "precision": 0.986366,
      "recall": 0.836,
      "f1": 0.900241
    },
    "0.25": {
      "precision": 0.986366,
      "recall": 0.84,
      "f1": 0.902472
    },
    "0.3": {
      "precision": 0.986366,
      "recall": 0.84,
      "f1": 0.902472
    },
    "0.4": {
      "precision": 0.983211,
      "recall": 0.85,
      "f1": 0.907001
    },
    "0.5": {
      "precision": 0.935473,
      "recall": 0.866,
      "f1": 0.891717
    }
  },
  "MSPhonetic": {
    "0.1": {
      "precision": 0.986366,
      "recall": 0.838,
      "f1": 0.901349
    },
    "0.2": {
      "precision": 0.985117,
      "recall": 0.839,
      "f1": 0.901448
    },
    "0.25": {
      "precision": 0.952935,
      "recall": 0.852,
      "f1": 0.893281
    },
    "0.3": {
      "precision": 0.946331,
      "recall": 0.858,
      "f1": 0.892943
    },
    "0.4": {
      "precision": 0.923708,
      "recall": 0.867,
      "f1": 0.884556
    },
    "0.5": {
      "precision": 0.872202,
      "recall": 0.874,
      "f1": 0.854234
    },
    "0.6": {
      "precision": 0.839234,
      "recall": 0.875,
      "f1": 0.831773
    },
    "0.7": {
      "precision": 0.834177,
      "recall": 0.877,
      "f1": 0.829944
    },
    "0.8": {
      "precision": 0.832951,
      "recall": 0.88,
      "f1": 0.831115
    },
    "0.9": {
      "precision": 0.832438,
      "recall": 0.88,
      "f1": 0.830785
    },
    "1.0": {
      "precision": 0.830153,
      "recall": 0.88,
      "f1": 0.829763
    }
  },
  "ConfusionWeighted": {
    "0.25": {
      "precision": 0.986366,
      "recall": 0.836,
      "f1": 0.900241
    },
    "0.5": {
      "precision": 0.986366,
      "recall": 0.836,
      "f1": 0.900241
    },
    "0.75": {
      "precision": 0.986366,
      "recall": 0.836,
      "f1": 0.900241
    },
    "1.0": {
      "precision": 0.932673,
      "recall": 0.861,
      "f1": 0.888403
    },
    "1.5": {
      "precision": 0.932673,
      "recall": 0.861,
      "f1": 0.888403
    },
    "2.0": {
      "precision": 0.817654,
      "recall": 0.876,
      "f1": 0.81869
    },
    "2.5": {
      "precision": 0.817654,
      "recall": 0.876,
      "f1": 0.81869
    },
    "3.0": {
      "precision": 0.776912,
      "recall": 0.88,
      "f1": 0.789728
    },
    "3.5": {
      "precision": 0.776912,
      "recall": 0.88,
      "f1": 0.789728
    }
  }
}