{
  "Phonetic": {
    "0": 0.760262,
    "1": 0.760662,
    "2": 0.705347,
    "3": 0.705785
  },
  "NormPhonetic": {
    "0.1": 0.760262,
    "0.2": 0.760262,
    "0.25": 0.763836,
    "0.33": 0.763836,
    "0.4": 0.771582,
    "0.5": 0.767059
  },
  "MSPhonetic": {
    "0.25": 0.759774,
    "0.5": 0.731324,
    "0.75": 0.717998,
    "1.0": 0.716766,
    "1.25": 0.716766,
    "1.5": 0.716766
  },
  "ConfusionWeighted": {
    "0.5": 0.760262,
    "1.0": 0.760662,
    "1.5": 0.760662,
    "2.0": 0.699843,
    "2.5": 0.699843
  }
}