{
  "Phonetic": {
    "1": {
      "precision": 0.949871,
      "recall": 0.898,
      "f1": 0.918119
    },
    "2": {
      "precision": 0.806319,
      "recall": 0.903,
      "f1": 0.818875
    },
    "3": {
      "precision": 0.795212,
      "recall": 0.909,
      "f1": 0.809863
    }
  },
  "NormPhonetic": {
    "0.1": {
      "precision": 0.994057,
      "recall": 0.874,
      "f1": 0.926903
    },
    "0.2": {
      "precision": 0.994057,
      "recall": 0.874,
      "f1": 0.926903
    },
    "0.3": {
      "precision": 0.994057,
      "recall": 0.875,
      "f1": 0.927488
    },
    "0.4": {
      "precision": 0.992083,
      "recall": 0.887,
      "f1": 0.933231
    },
    "0.5": {
      "precision": 0.942129,
      "recall": 0.902,
      "f1": 0.916441
    }
  },
  "MSPhonetic": {
    "0.1": {
      "precision": 0.994077,
      "recall": 0.878,
      "f1": 0.929099
    },
    "0.2": {
      "precision": 0.992195,
      "recall": 0.88,
      "f1": 0.929211
    },
    "0.3": {
      "precision": 0.961574,
      "recall": 0.893,
      "f1": 0.921251
    },
    "0.4": {
      "precision": 0.920624,
      "recall": 0.897,
      "f1": 0.900581
    },
    "0.5": {
      "precision": 0.851598,
      "recall": 0.901,
      "f1": 0.853758
    },
    "0.6": {
      "precision": 0.793886,
      "recall": 0.903,
      "f1": 0.809844
    },
    "0.7": {
      "precision": 0.790673,
      "recall": 0.906,
      "f1": 0.809328
    },
    "0.8": {
      "precision": 0.788701,
      "recall": 0.906,
      "f1": 0.808313
    },
    "0.9": {
      "precision": 0.787659,
      "recall": 0.906,
      "f1": 0.807819
    },
    "1.0": {
      "precision": 0.785994,
      "recall": 0.906,
      "f1": 0.806913
    }
  },
  "ConfusionWeighted": {
    "0.25": {
      "precision": 0.994057,
      "recall": 0.874,
      "f1": 0.926903
    },
    "0.5": {
      "precision": 0.994057,
      "recall": 0.874,
      "f1": 0.926903
    },
    "0.75": {
      "precision": 0.994057,
      "recall": 0.874,
      "f1": 0.926903
    },
    "1.0": {
      "precision": 0.950666,
      "recall": 0.899,
      "f1": 0.919056
    },
    "1.5": {
      "precision": 0.950666,
      "recall": 0.899,
      "f1": 0.919056
    },
    "2.0": {
      "precision": 0.790269,
      "recall": 0.904,
      "f1": 0.813128
    },
    "2.5": {
      "precision": 0.790269,
      "recall": 0.904,
      "f1": 0.813128
    },
    "3.0": {
      "precision": 0.75105,
      "recall": 0.908,
      "f1": 0.781983
    },
    "3.5": {
      "precision": 0.75105,
      "recall": 0.908,
      "f1": 0.781983
    }
  }
}